2ergo,http://www.crunchbase.com/company/2ergo,,,,,,,,,,,,
8coupons,http://www.crunchbase.com/company/8coupons,,,,,,,,,,,,
Access Development,http://www.crunchbase.com/company/access-development,,,,,,,,,,,,
Armadealo,http://www.crunchbase.com/company/armadealo,,,,,,,,,,,,
Celilo Group Media,http://www.crunchbase.com/company/celilo-group-media,,,,,,,,,,,,
Digimo Group,http://www.crunchbase.com/company/digimo-group,,,,,,,,,,,,
Gimme!,http://www.crunchbase.com/company/gimme,,,,,,,,,,,,
Koupon Media,http://www.crunchbase.com/company/koupon-media,,,,,,,,,,,,
Lunchtimedeals.com,http://www.crunchbase.com/company/lunchtimedeals-com,,,,,,,,,,,,
M-Dot Network,http://www.crunchbase.com/company/mdot-network,,,,,,,,,,,,
Markcomedia,http://www.crunchbase.com/company/markcomedia,,,,,,,,,,,,
Meal Ticket,http://www.crunchbase.com/company/meal-ticket,,,,,,,,,,,,
Mingamo Media ,http://www.crunchbase.com/company/mingamo-media,,,,,,,,,,,,
MobGeo Ltd,http://www.crunchbase.com/company/mobgeo-ltd,,,,,,,,,,,,
MobiQpons,http://www.crunchbase.com/company/mobiqpons,,,,,,,,,,,,
Mobile Flow,http://www.crunchbase.com/company/mobile-flow,,,,,,,,,,,,
Mobile Patron,http://www.crunchbase.com/company/mobile-patron,,,,,,,,,,,,
"Mobilozophy, LLC",http://www.crunchbase.com/company/mobilozophy-llc,,,,,,,,,,,,
PagaTodo Mobile,http://www.crunchbase.com/company/pagatodo-mobile,,,,,,,,,,,,
Plastic Mobile,http://www.crunchbase.com/company/plastic-mobile,,,,,,,,,,,,
Rabble,http://www.crunchbase.com/company/rabble,,,,,,,,,,,,
Shooger,http://www.crunchbase.com/company/shooger,,,,,,,,,,,,
ShopText,http://www.crunchbase.com/company/shoptext,,,,,,,,,,,,
Sitomic,http://www.crunchbase.com/company/sitomic,,,,,,,,,,,,
SnipSnap,http://www.crunchbase.com/company/snipsnap-app,,,,,,,,,,,,
Street Savings,http://www.crunchbase.com/company/street-savings,,,,,,,,,,,,
The MobiSolution,http://www.crunchbase.com/company/the-mobisolution,,,,,,,,,,,,
The Mobile Experience Company,http://www.crunchbase.com/company/the-mobile-experience-company,,,,,,,,,,,,
Tycoon Mobile LLC,http://www.crunchbase.com/company/tycoon-mobile-llc,,,,,,,,,,,,
Vidamo,http://www.crunchbase.com/company/vidamo,,,,,,,,,,,,
VouChaCha,http://www.crunchbase.com/company/vouchacha,,,,,,,,,,,,
XYMOB,http://www.crunchbase.com/company/xymob,,,,,,,,,,,,
YOOSE,http://www.crunchbase.com/company/yoose,,,,,,,,,,,,
YoYo Text,http://www.crunchbase.com/company/yoyo-text,,,,,,,,,,,,
link.me,http://www.crunchbase.com/company/link-me,,,,,,,,,,,,
mChek India Payment Systems,http://www.crunchbase.com/company/mchek-india-payment-systems,,,,,,,,,,,,
mloyal,http://www.crunchbase.com/company/mloyal,,,,,,,,,,,,
2ergo,http://www.crunchbase.com/company/2ergo,,,,,,,,,,,,
5 Dollars or Less,http://www.crunchbase.com/company/5-dollars-or-less,,,,,,,,,,,,
58Phases,http://www.crunchbase.com/company/58phases,,,,,,,,,,,,
8coupons,http://www.crunchbase.com/company/8coupons,,,,,,,,,,,,
AAfter Corporation,http://www.crunchbase.com/company/aafter-corporation,,,,,,,,,,,,
Access Development,http://www.crunchbase.com/company/access-development,,,,,,,,,,,,
Adility,http://www.crunchbase.com/company/adility,,,,,,,,,,,,
Adpera.com,http://www.crunchbase.com/company/adpera-com,,,,,,,,,,,,
AfterWorkDeals,http://www.crunchbase.com/company/afterworkdeals,,,,,,,,,,,,
All Deals Asia,http://www.crunchbase.com/company/all-deals-asia,,,,,,,,,,,,
Amazon Filler Item Finder,http://www.crunchbase.com/company/amazon-filler-item-finder,,,,,,,,,,,,
Apna Cashback,http://www.crunchbase.com/company/apna-cashback,,,,,,,,,,,,
AppPointment,http://www.crunchbase.com/company/apppointment,,,,,,,,,,,,
Armadealo,http://www.crunchbase.com/company/armadealo,,,,,,,,,,,,
At Yumgo,http://www.crunchbase.com/company/at-yumgo,,,,,,,,,,,,
Avanti Interactive,http://www.crunchbase.com/company/avanti-interactive,,,,,,,,,,,,
Bargain Avenue,http://www.crunchbase.com/company/bargain-avenue,,,,,,,,,,,,
Bargain Swoop,http://www.crunchbase.com/company/bargain-swoop,,,,,,,,,,,,
BargainEZ,http://www.crunchbase.com/company/bargainez,,,,,,,,,,,,
BeanJar,http://www.crunchbase.com/company/beanjar,,,,,,,,,,,,
BeautyBloc.com,http://www.crunchbase.com/company/beautybloc-com,,,,,,,,,,,,
Best Coupon Online,http://www.crunchbase.com/company/best-coupon-online,,,,,,,,,,,,
BigLittleDiscount,http://www.crunchbase.com/company/biglittlediscount,,,,,,,,,,,,
Bipsly,http://www.crunchbase.com/company/bipsly,,,,,,,,,,,,
Birthday Gorilla,http://www.crunchbase.com/company/birthday-gorilla,,,,,,,,,,,,
Bluesky Local,http://www.crunchbase.com/company/bluesky-local,,,,,,,,,,,,
Bookurtable,http://www.crunchbase.com/company/bookurtable-com,,,,,,,,,,,,
BradsDeals,http://www.crunchbase.com/company/bradsdeals,,,,,,,,,,,,
Breakmoon.com,http://www.crunchbase.com/company/breakmoon-com,,,,,,,,,,,,
Brozengo,http://www.crunchbase.com/company/brozengo,,,,,,,,,,,,
Budgetable,http://www.crunchbase.com/company/budgetable,,,,,,,,,,,,
BunchBite,http://www.crunchbase.com/company/bunchbite,,,,,,,,,,,,
Buy Local Canada,http://www.crunchbase.com/company/buy-local-canada,,,,,,,,,,,,
BuyDeals,http://www.crunchbase.com/company/buydeals,,,,,,,,,,,,
BuzzRaid,http://www.crunchbase.com/company/buzzraid,,,,,,,,,,,,
COUPONGOOD,http://www.crunchbase.com/company/coupongood-org,,,,,,,,,,,,
Campus Special,http://www.crunchbase.com/company/the-campus-special,,,,,,,,,,,,
Cardnap,http://www.crunchbase.com/company/cardnap,,,,,,,,,,,,
CashReporter.com,http://www.crunchbase.com/company/cashreporter-com,,,,,,,,,,,,
Celilo Group Media,http://www.crunchbase.com/company/celilo-group-media,,,,,,,,,,,,
Centrl,http://www.crunchbase.com/company/centrl,,,,,,,,,,,,
Cereal.com,http://www.crunchbase.com/company/cereal-com,,,,,,,,,,,,
Challengein,http://www.crunchbase.com/company/challengein,,,,,,,,,,,,
Chasing Savings,http://www.crunchbase.com/company/chasing-savings,,,,,,,,,,,,
Chattybuy,http://www.crunchbase.com/company/chattybuy,,,,,,,,,,,,
CheapFind,http://www.crunchbase.com/company/cheapfind,,,,,,,,,,,,
CheapIrvine.com,http://www.crunchbase.com/company/cheapirvine-com,,,,,,,,,,,,
CheapSally,http://www.crunchbase.com/company/cheapsally,,,,,,,,,,,,
CheapToday,http://www.crunchbase.com/company/cheaptoday,,,,,,,,,,,,
CheckInPage,http://www.crunchbase.com/company/checkinpage,,,,,,,,,,,,
Cherry Media,http://www.crunchbase.com/company/cherry-media,,,,,,,,,,,,
Chitown Deals,http://www.crunchbase.com/company/chitowndeals-com,,,,,,,,,,,,
Cilantro,http://www.crunchbase.com/company/cilantro,,,,,,,,,,,,
CinnaBid,http://www.crunchbase.com/company/cinnabid,,,,,,,,,,,,
CityDeals,http://www.crunchbase.com/company/citydeals,,,,,,,,,,,,
ClickSNM,http://www.crunchbase.com/company/clicksnm,,,,,,,,,,,,
CoupFlip,http://www.crunchbase.com/company/coupflip,,,,,,,,,,,,
CoupSmart,http://www.crunchbase.com/company/coupsmart,,,,,,,,,,,,
Coupeez Inc.,http://www.crunchbase.com/company/coupeez-inc,,,,,,,,,,,,
Coupious,http://www.crunchbase.com/company/coupious,,,,,,,,,,,,
Coupon Girl,http://www.crunchbase.com/company/coupon-girl,,,,,,,,,,,,
Coupon Gravy,http://www.crunchbase.com/company/coupon-gravy,,,,,,,,,,,,
Coupon Printster,http://www.crunchbase.com/company/coupon-printster,,,,,,,,,,,,
Coupon Refund ,http://www.crunchbase.com/company/coupon-refund,,,,,,,,,,,,
Coupon Tweet,http://www.crunchbase.com/company/coupon-tweet,,,,,,,,,,,,
Coupon2Buy,http://www.crunchbase.com/company/coupon2buy,,,,,,,,,,,,
CouponAlbum India,http://www.crunchbase.com/company/couponalbum-india,,,,,,,,,,,,
CouponAlbum.com,http://www.crunchbase.com/company/couponalbum,,,,,,,,,,,,
CouponBrite,http://www.crunchbase.com/company/couponbrite,,,,,,,,,,,,
CouponCabin,http://www.crunchbase.com/company/couponcabin,,,,,,,,,,,,
CouponDiscover,http://www.crunchbase.com/company/coupondiscover,,,,,,,,,,,,
CouponDudes,http://www.crunchbase.com/company/coupondudes,,,,,,,,,,,,
CouponIce,http://www.crunchbase.com/company/couponice,,,,,,,,,,,,
CouponMap,http://www.crunchbase.com/company/couponmap,,,,,,,,,,,,
CouponMeUp.com,http://www.crunchbase.com/company/couponmeup-com,,,,,,,,,,,,
CouponMob,http://www.crunchbase.com/company/couponmob,,,,,,,,,,,,
CouponShack,http://www.crunchbase.com/company/couponshack,,,,,,,,,,,,
CouponTrade,http://www.crunchbase.com/company/coupontrade,,,,,,,,,,,,
CouponWorldz,http://www.crunchbase.com/company/couponworldz,,,,,,,,,,,,
CouponWorx.com,http://www.crunchbase.com/company/couponworx-com,,,,,,,,,,,,
Couponfan,http://www.crunchbase.com/company/couponfan,,,,,,,,,,,,
Couponify,http://www.crunchbase.com/company/couponify,,,,,,,,,,,,
Couponimo,http://www.crunchbase.com/company/couponimo,,,,,,,,,,,,
Coupons BC,http://www.crunchbase.com/company/coupons-bc,,,,,,,,,,,,
Coupons Dealuxe,http://www.crunchbase.com/company/coupons-dealuxe,,,,,,,,,,,,
Coupons University Inc,http://www.crunchbase.com/company/coupons-university-inc,,,,,,,,,,,,
Coupons.com,http://www.crunchbase.com/company/coupons-com,,,,,,,,,,,,
Coupons2Grab,http://www.crunchbase.com/company/coupons2grab,,,,,,,,,,,,
Couponskey.com ,http://www.crunchbase.com/company/couponskey-com,,,,,,,,,,,,
Coupontank,http://www.crunchbase.com/company/coupontank,,,,,,,,,,,,
Coupoplaces,http://www.crunchbase.com/company/coupoplaces,,,,,,,,,,,,
Cupoint,http://www.crunchbase.com/company/cupoint,,,,,,,,,,,,
CupomNow,http://www.crunchbase.com/company/cupomnow-2,,,,,,,,,,,,
Cupons VIP,http://www.crunchbase.com/company/cupons-vip,,,,,,,,,,,,
CupÌ?nica,http://www.crunchbase.com/company/cuponica,,,,,,,,,,,,
Daily Deal Tips,http://www.crunchbase.com/company/daily-deal-tips,,,,,,,,,,,,
Daily Deals,http://www.crunchbase.com/company/daily-deals,,,,,,,,,,,,
DazzletheDeals.com,http://www.crunchbase.com/company/dazzlethedeals-com,,,,,,,,,,,,
Deal Co-op,http://www.crunchbase.com/company/deal-co-op,,,,,,,,,,,,
Deal In City,http://www.crunchbase.com/company/deal-in-city,,,,,,,,,,,,
Deal Linker,http://www.crunchbase.com/company/deal-linker,,,,,,,,,,,,
Deal Ninja,http://www.crunchbase.com/company/deal-ninja,,,,,,,,,,,,
Deal Zoo,http://www.crunchbase.com/company/deal-zoo,,,,,,,,,,,,
Deal-Grabber,http://www.crunchbase.com/company/deal-grabber,,,,,,,,,,,,
DealBk,http://www.crunchbase.com/company/dealbk,,,,,,,,,,,,
DealBull,http://www.crunchbase.com/company/dealbull,,,,,,,,,,,,
DealDivine,http://www.crunchbase.com/company/dealdivine,,,,,,,,,,,,
DealHomer,http://www.crunchbase.com/company/dealhomer,,,,,,,,,,,,
DealPerk,http://www.crunchbase.com/company/dealperk,,,,,,,,,,,,
DealRocker.com,http://www.crunchbase.com/company/dealrocker-com,,,,,,,,,,,,
DealTaker,http://www.crunchbase.com/company/dealtaker,,,,,,,,,,,,
DealTattle,http://www.crunchbase.com/company/dealtattle-2,,,,,,,,,,,,
DealWhistle,http://www.crunchbase.com/company/dealwhistle,,,,,,,,,,,,
Dealaboo.com,http://www.crunchbase.com/company/dealaboo-com,,,,,,,,,,,,
Dealio,http://www.crunchbase.com/company/dealio,,,,,,,,,,,,
Dealirius,http://www.crunchbase.com/company/dealirius,,,,,,,,,,,,
Deals411.com,http://www.crunchbase.com/company/deals411,,,,,,,,,,,,
DealsPlus,http://www.crunchbase.com/company/dealsplus,,,,,,,,,,,,
Dealsbell,http://www.crunchbase.com/company/dealsbell,,,,,,,,,,,,
Dealster,http://www.crunchbase.com/company/dealster,,,,,,,,,,,,
Dealzon,http://www.crunchbase.com/company/dealzon,,,,,,,,,,,,
Deed or Greed,http://www.crunchbase.com/company/deed-or-greed,,,,,,,,,,,,
"Descuento Libre, Inc",http://www.crunchbase.com/company/descuento-libre-inc,,,,,,,,,,,,
DesiSauda,http://www.crunchbase.com/company/desisauda,,,,,,,,,,,,
DidYouFIndADeal,http://www.crunchbase.com/company/didyoufindadeal,,,,,,,,,,,,
Digimo Group,http://www.crunchbase.com/company/digimo-group,,,,,,,,,,,,
Discount Coupons,http://www.crunchbase.com/company/discount-coupons,,,,,,,,,,,,
Discounts Ahoy,http://www.crunchbase.com/company/discounts-ahoy,,,,,,,,,,,,
Doggy Deals,http://www.crunchbase.com/company/doggy-deals,,,,,,,,,,,,
Drink Deck LLC,http://www.crunchbase.com/company/drink-deck-llc,,,,,,,,,,,,
DriverSide,http://www.crunchbase.com/company/driverside,,,,,,,,,,,,
E-shopsMarket,http://www.crunchbase.com/company/e-shopsmarket,,,,,,,,,,,,
ECO Advertising,http://www.crunchbase.com/company/eco-advertising,,,,,,,,,,,,
Emerald City Eats,http://www.crunchbase.com/company/emerald-city-eats,,,,,,,,,,,,
Endorse,http://www.crunchbase.com/company/endorse,,,,,,,,,,,,
Ensogo Philippines,http://www.crunchbase.com/company/ensogo-philippines,,,,,,,,,,,,
Extrabux,http://www.crunchbase.com/company/extrabux,,,,,,,,,,,,
EzCouponSearch,http://www.crunchbase.com/company/ezcouponsearch,,,,,,,,,,,,
Falcondeals,http://www.crunchbase.com/company/falcondeals,,,,,,,,,,,,
Fanplayr,http://www.crunchbase.com/company/fanplayr,,,,,,,,,,,,
Findevalidite.com,http://www.crunchbase.com/company/findevalidite-com,,,,,,,,,,,,
FoundTown,http://www.crunchbase.com/company/foundtown,,,,,,,,,,,,
Free Online Coupons,http://www.crunchbase.com/company/free-online-coupons,,,,,,,,,,,,
FreeShipping.net,http://www.crunchbase.com/company/freeshipping-net,,,,,,,,,,,,
Freewaalastore,http://www.crunchbase.com/company/freewaalastore,,,,,,,,,,,,
FriendsEAT,http://www.crunchbase.com/company/friendseat,,,,,,,,,,,,
Fudha,http://www.crunchbase.com/company/fudha,,,,,,,,,,,,
Fulll.com,http://www.crunchbase.com/company/fulll-com,,,,,,,,,,,,
GAP Miners,http://www.crunchbase.com/company/gap-miners,,,,,,,,,,,,
GBestDeals.com,http://www.crunchbase.com/company/gbestdeals-com,,,,,,,,,,,,
Gaucho,http://www.crunchbase.com/company/gaucho,,,,,,,,,,,,
GearHeadDeals,http://www.crunchbase.com/company/gearheaddeals,,,,,,,,,,,,
Gether,http://www.crunchbase.com/company/gether,,,,,,,,,,,,
Gimme More Coupons,http://www.crunchbase.com/company/gimme-more-coupons,,,,,,,,,,,,
Gimme!,http://www.crunchbase.com/company/gimme,,,,,,,,,,,,
Glocaldeal,http://www.crunchbase.com/company/glocaldeal,,,,,,,,,,,,
GoSave!,http://www.crunchbase.com/company/gosave,,,,,,,,,,,,
Goodool,http://www.crunchbase.com/company/goodool,,,,,,,,,,,,
GoodyTag,http://www.crunchbase.com/company/goodytag,,,,,,,,,,,,
GotoDaily,http://www.crunchbase.com/company/gotodaily,,,,,,,,,,,,
Govity.com,http://www.crunchbase.com/company/govity-com,,,,,,,,,,,,
Grabacode,http://www.crunchbase.com/company/grabacode,,,,,,,,,,,,
Grocery Alerts,http://www.crunchbase.com/company/grocery-alerts,,,,,,,,,,,,
Grocery Coupon Network,http://www.crunchbase.com/company/grocery-coupon-network,,,,,,,,,,,,
Grocio,http://www.crunchbase.com/company/grocio,,,,,,,,,,,,
GroupBachat,http://www.crunchbase.com/company/groupbachat,,,,,,,,,,,,
Groupon (Citydeal),http://www.crunchbase.com/company/groupon-citydeal,,,,,,,,,,,,
Groupon Groupie ,http://www.crunchbase.com/company/groupon-groupie,,,,,,,,,,,,
GuteGutscheine,http://www.crunchbase.com/company/gutegutscheine,,,,,,,,,,,,
Gutschein-Codes.de,http://www.crunchbase.com/company/gutschein-codes-de,,,,,,,,,,,,
HahaCouponCodes,http://www.crunchbase.com/company/hahacouponcodes,,,,,,,,,,,,
HaveDeals,http://www.crunchbase.com/company/havedeals,,,,,,,,,,,,
HelloCoin,http://www.crunchbase.com/company/hellocoin,,,,,,,,,,,,
HipDealz,http://www.crunchbase.com/company/hipdealz,,,,,,,,,,,,
HookPrice,http://www.crunchbase.com/company/hookprice,,,,,,,,,,,,
Hopster,http://www.crunchbase.com/company/hopster,,,,,,,,,,,,
Hot Deals,http://www.crunchbase.com/company/hot-deals,,,,,,,,,,,,
HotelSpecials-Anywere,http://www.crunchbase.com/company/hotelspecials-anywere,,,,,,,,,,,,
Hungrybuy,http://www.crunchbase.com/company/hungrybuy,,,,,,,,,,,,
I Like A Deal,http://www.crunchbase.com/company/i-like-a-deal,,,,,,,,,,,,
I-Purchase.net,http://www.crunchbase.com/company/i-purchase-net,,,,,,,,,,,,
IMBULL,http://www.crunchbase.com/company/imbull,,,,,,,,,,,,
JumpUpon,http://www.crunchbase.com/company/jumpupon,,,,,,,,,,,,
Justuno.com,http://www.crunchbase.com/company/justuno-com,,,,,,,,,,,,
Keep Holdings,http://www.crunchbase.com/company/keep-holdings,,,,,,,,,,,,
Khojguru,http://www.crunchbase.com/company/khojguru,,,,,,,,,,,,
Kooperz,http://www.crunchbase.com/company/kooperz,,,,,,,,,,,,
Koupon Media,http://www.crunchbase.com/company/koupon-media,,,,,,,,,,,,
Kumbuya LLC.,http://www.crunchbase.com/company/kumbuya,,,,,,,,,,,,
Kuponjo,http://www.crunchbase.com/company/kuponjo,,,,,,,,,,,,
LOCOBlitz,http://www.crunchbase.com/company/locoblitz,,,,,,,,,,,,
Lifesta,http://www.crunchbase.com/company/lifesta,,,,,,,,,,,,
Likebees,http://www.crunchbase.com/company/likebees,,,,,,,,,,,,
Local Flavor,http://www.crunchbase.com/company/local-flavor,,,,,,,,,,,,
Local Roamer,http://www.crunchbase.com/company/local-roamer,,,,,,,,,,,,
Lunchtimedeals.com,http://www.crunchbase.com/company/lunchtimedeals-com,,,,,,,,,,,,
M-Dot Network,http://www.crunchbase.com/company/mdot-network,,,,,,,,,,,,
Magnetify Corporation,http://www.crunchbase.com/company/magnetify-corp,,,,,,,,,,,,
Markcomedia,http://www.crunchbase.com/company/markcomedia,,,,,,,,,,,,
Mashed Deals,http://www.crunchbase.com/company/mashed-deals,,,,,,,,,,,,
Masthideals,http://www.crunchbase.com/company/masthideals,,,,,,,,,,,,
Matchpin,http://www.crunchbase.com/company/matchpin,,,,,,,,,,,,
MeFindCoupon,http://www.crunchbase.com/company/mefindcoupon,,,,,,,,,,,,
Meal Ticket,http://www.crunchbase.com/company/meal-ticket,,,,,,,,,,,,
Migen Blog,http://www.crunchbase.com/company/migen-blog,,,,,,,,,,,,
Mingamo Media ,http://www.crunchbase.com/company/mingamo-media,,,,,,,,,,,,
Mini Cities,http://www.crunchbase.com/company/mini-cities,,,,,,,,,,,,
MobGeo Ltd,http://www.crunchbase.com/company/mobgeo-ltd,,,,,,,,,,,,
MobiQpons,http://www.crunchbase.com/company/mobiqpons,,,,,,,,,,,,
Mobile Flow,http://www.crunchbase.com/company/mobile-flow,,,,,,,,,,,,
Mobile Patron,http://www.crunchbase.com/company/mobile-patron,,,,,,,,,,,,
"Mobilozophy, LLC",http://www.crunchbase.com/company/mobilozophy-llc,,,,,,,,,,,,
Mobiry Technologies,http://www.crunchbase.com/company/mobiry-technologies,,,,,,,,,,,,
Mobitto,http://www.crunchbase.com/company/mobitto,,,,,,,,,,,,
MySavings,http://www.crunchbase.com/company/mysavings,,,,,,,,,,,,
"MySavings, Inc.",http://www.crunchbase.com/company/mysavings-inc,,,,,,,,,,,,
Mycouponcodes.com,http://www.crunchbase.com/company/mycouponcodes-com,,,,,,,,,,,,
Myzerr,http://www.crunchbase.com/company/myzerr,,,,,,,,,,,,
Newdiscountcodes.com,http://www.crunchbase.com/company/newdiscountcodes-com,,,,,,,,,,,,
Nuwella,http://www.crunchbase.com/company/nuwella,,,,,,,,,,,,
OC Radar,http://www.crunchbase.com/company/oc-radar,,,,,,,,,,,,
"Octane Raceway, Phoenix Indoor Go Kart Racing, Company Events, Team Building",http://www.crunchbase.com/company/octane-raceway-phoenix-indoor-go-kart-racing-company-events-team-building,,,,,,,,,,,,
Offeretti,http://www.crunchbase.com/company/offeretti,,,,,,,,,,,,
Okazjum.pl,http://www.crunchbase.com/company/okazjum-pl,,,,,,,,,,,,
Online Coupon Code Savings,http://www.crunchbase.com/company/online-coupon-code-savings,,,,,,,,,,,,
Online Coupons,http://www.crunchbase.com/company/online-coupons,,,,,,,,,,,,
Oony,http://www.crunchbase.com/company/oony,,,,,,,,,,,,
Opentip Store,http://www.crunchbase.com/company/opentip,,,,,,,,,,,,
Oz Voucher Codes,http://www.crunchbase.com/company/oz-voucher-codes,,,,,,,,,,,,
OzVoucherCodes,http://www.crunchbase.com/company/ozvouchercodes,,,,,,,,,,,,
PCCOUNTER,http://www.crunchbase.com/company/pc-counter,,,,,,,,,,,,
PagaTodo Mobile,http://www.crunchbase.com/company/pagatodo-mobile,,,,,,,,,,,,
Pennyful.com,http://www.crunchbase.com/company/pennyful-com,,,,,,,,,,,,
Pennyful.in,http://www.crunchbase.com/company/pennyful-in,,,,,,,,,,,,
PetDeals,http://www.crunchbase.com/company/petdeals,,,,,,,,,,,,
Pin Citi,http://www.crunchbase.com/company/pin,,,,,,,,,,,,
Pin Citi Deals,http://www.crunchbase.com/company/pinbeta,,,,,,,,,,,,
Pizzerias.com,http://www.crunchbase.com/company/pizzerias-com,,,,,,,,,,,,
Plastic Mobile,http://www.crunchbase.com/company/plastic-mobile,,,,,,,,,,,,
PortGratuit.fr,http://www.crunchbase.com/company/portgratuit-fr,,,,,,,,,,,,
PriceAlerter,http://www.crunchbase.com/company/pricealerter,,,,,,,,,,,,
Promo Code Pal,http://www.crunchbase.com/company/promo-code-pal,,,,,,,,,,,,
PromoClub,http://www.crunchbase.com/company/promoclub,,,,,,,,,,,,
Promotionalcodes.org.uk,http://www.crunchbase.com/company/promotionalcodes-org-uk,,,,,,,,,,,,
QBOT,http://www.crunchbase.com/company/qbot,,,,,,,,,,,,
Qminder,http://www.crunchbase.com/company/qminder,,,,,,,,,,,,
Qples,http://www.crunchbase.com/company/qples,,,,,,,,,,,,
Qpon Qutie,http://www.crunchbase.com/company/qpon-qutie,,,,,,,,,,,,
Qponomics,http://www.crunchbase.com/company/qponomics,,,,,,,,,,,,
Qpons,http://www.crunchbase.com/company/qpons,,,,,,,,,,,,
Quick Deal Services,http://www.crunchbase.com/company/quick-deal-services,,,,,,,,,,,,
Quicktoclick.com,http://www.crunchbase.com/company/quicktoclick-com,,,,,,,,,,,,
QuitePeople,http://www.crunchbase.com/company/quitepeople,,,,,,,,,,,,
Rabble,http://www.crunchbase.com/company/rabble,,,,,,,,,,,,
Rather-Be-Shopping.com,http://www.crunchbase.com/company/rather-be-shopping-com,,,,,,,,,,,,
Red Tag Media,http://www.crunchbase.com/company/red-tag-media,,,,,,,,,,,,
Regrupe,http://www.crunchbase.com/company/regrupe,,,,,,,,,,,,
Restaurant Coupons,http://www.crunchbase.com/company/restaurant-coupons,,,,,,,,,,,,
Restaurant Gift Certificates,http://www.crunchbase.com/company/restaurant-gift-certificates,,,,,,,,,,,,
RestoMontreal.ca,http://www.crunchbase.com/company/restomontreal-ca,,,,,,,,,,,,
Revtrax,http://www.crunchbase.com/company/revtrax,,,,,,,,,,,,
Rewards Rain - BlueCoins,http://www.crunchbase.com/company/rewards-rain-bluecoins,,,,,,,,,,,,
RightShopping.in,http://www.crunchbase.com/company/rightshopping-in,,,,,,,,,,,,
RollbackSale,http://www.crunchbase.com/company/rollbacksale,,,,,,,,,,,,
Roommate Rental,http://www.crunchbase.com/company/roommate-rental,,,,,,,,,,,,
Rush Points,http://www.crunchbase.com/company/rush-points-llc,,,,,,,,,,,,
Rx Network,http://www.crunchbase.com/company/rx-network,,,,,,,,,,,,
SacramentoGrapevine.com,http://www.crunchbase.com/company/sacramentograpevine-com,,,,,,,,,,,,
SafeList.com,http://www.crunchbase.com/company/safelist-com,,,,,,,,,,,,
SalesVote,http://www.crunchbase.com/company/salesvote,,,,,,,,,,,,
SaveNextDoor,http://www.crunchbase.com/company/savenextdoor,,,,,,,,,,,,
Savepath,http://www.crunchbase.com/company/savepath,,,,,,,,,,,,
Saverr,http://www.crunchbase.com/company/saverr,,,,,,,,,,,,
Savewall,http://www.crunchbase.com/company/savewall,,,,,,,,,,,,
SavingPiggy,http://www.crunchbase.com/company/savingpiggy,,,,,,,,,,,,
Savings,http://www.crunchbase.com/company/savings,,,,,,,,,,,,
Savings Friend,http://www.crunchbase.com/company/savings-friend,,,,,,,,,,,,
Savvy Penny,http://www.crunchbase.com/company/savvy-penny,,,,,,,,,,,,
Schaweet,http://www.crunchbase.com/company/schaweet,,,,,,,,,,,,
Scoutmob,http://www.crunchbase.com/company/scoutmob,,,,,,,,,,,,
Shooger,http://www.crunchbase.com/company/shooger,,,,,,,,,,,,
Shop To Win,http://www.crunchbase.com/company/shop-to-win,,,,,,,,,,,,
ShopLocal,http://www.crunchbase.com/company/shoplocal,,,,,,,,,,,,
ShopRepublic,http://www.crunchbase.com/company/shoprepublic,,,,,,,,,,,,
ShopText,http://www.crunchbase.com/company/shoptext,,,,,,,,,,,,
Shopallo.com,http://www.crunchbase.com/company/shopallo-com,,,,,,,,,,,,
Shoplins,http://www.crunchbase.com/company/shoplins,,,,,,,,,,,,
Sidepon,http://www.crunchbase.com/company/sidepon,,,,,,,,,,,,
Simply Good Technologies,http://www.crunchbase.com/company/simply-good-technologies,,,,,,,,,,,,
Sitomic,http://www.crunchbase.com/company/sitomic,,,,,,,,,,,,
Smash Deals & Coupons,http://www.crunchbase.com/company/smash-deals,,,,,,,,,,,,
SmileyDeals,http://www.crunchbase.com/company/smileydeals,,,,,,,,,,,,
Snacksquare ,http://www.crunchbase.com/company/snacksquare,,,,,,,,,,,,
SnipSnap,http://www.crunchbase.com/company/snipsnap-app,,,,,,,,,,,,
Snoopf,http://www.crunchbase.com/company/snoopf,,,,,,,,,,,,
SnowShoe Stamp,http://www.crunchbase.com/company/snowshoefood,,,,,,,,,,,,
SoBiz10,http://www.crunchbase.com/company/sobiz10,,,,,,,,,,,,
Social Media,http://www.crunchbase.com/company/social-media,,,,,,,,,,,,
Social Slips,http://www.crunchbase.com/company/social-slips,,,,,,,,,,,,
SpecialsAgent,http://www.crunchbase.com/company/specialsagent,,,,,,,,,,,,
Splurgy,http://www.crunchbase.com/company/splurgy,,,,,,,,,,,,
Spreadsave,http://www.crunchbase.com/company/spreadsave,,,,,,,,,,,,
Star Return,http://www.crunchbase.com/company/star-return,,,,,,,,,,,,
Starbates,http://www.crunchbase.com/company/starbates-3,,,,,,,,,,,,
Steepest Descent Software,http://www.crunchbase.com/company/steepest-descent-software,,,,,,,,,,,,
Storecrowd,http://www.crunchbase.com/company/storecrowd,,,,,,,,,,,,
Street Savings,http://www.crunchbase.com/company/street-savings,,,,,,,,,,,,
Stretche,http://www.crunchbase.com/company/stretche,,,,,,,,,,,,
Sumballo,http://www.crunchbase.com/company/sumballo,,,,,,,,,,,,
SunnySaves,http://www.crunchbase.com/company/sunnysaves,,,,,,,,,,,,
Supplement Deals,http://www.crunchbase.com/company/supplement-deals,,,,,,,,,,,,
Swapper Trade,http://www.crunchbase.com/company/swapper-trade,,,,,,,,,,,,
SwoopUp.com,http://www.crunchbase.com/company/swoopup-com,,,,,,,,,,,,
The MobiSolution,http://www.crunchbase.com/company/the-mobisolution,,,,,,,,,,,,
The Mobile Experience Company,http://www.crunchbase.com/company/the-mobile-experience-company,,,,,,,,,,,,
Ticket-Avenue,http://www.crunchbase.com/company/ticket-avenue,,,,,,,,,,,,
TipCity,http://www.crunchbase.com/company/tipcity,,,,,,,,,,,,
TipsyDevil,http://www.crunchbase.com/company/tipsy-marketing,,,,,,,,,,,,
Tjoos,http://www.crunchbase.com/company/tjoos2,,,,,,,,,,,,
Toms Gutscheine,http://www.crunchbase.com/company/toms-gutscheine,,,,,,,,,,,,
Tooio,http://www.crunchbase.com/company/tooio,,,,,,,,,,,,
Topincoupons,http://www.crunchbase.com/company/topincoupons,,,,,,,,,,,,
TownSync,http://www.crunchbase.com/company/townsync,,,,,,,,,,,,
TrimBack,http://www.crunchbase.com/company/trimback,,,,,,,,,,,,
TweetWagon,http://www.crunchbase.com/company/tweetwagon,,,,,,,,,,,,
Twillage,http://www.crunchbase.com/company/twillage,,,,,,,,,,,,
Tycoon Mobile LLC,http://www.crunchbase.com/company/tycoon-mobile-llc,,,,,,,,,,,,
UPto75,http://www.crunchbase.com/company/upto75,,,,,,,,,,,,
Ubudu,http://www.crunchbase.com/company/ubudu,,,,,,,,,,,,
UnoDeals,http://www.crunchbase.com/company/unodeals-com,,,,,,,,,,,,
UrbanGain,http://www.crunchbase.com/company/urbangain,,,,,,,,,,,,
VEMT,http://www.crunchbase.com/company/vemt,,,,,,,,,,,,
VIPDeal360,http://www.crunchbase.com/company/vipdeal360,,,,,,,,,,,,
Vidamo,http://www.crunchbase.com/company/vidamo,,,,,,,,,,,,
Virtual Race Bags,http://www.crunchbase.com/company/virtual-race-bags,,,,,,,,,,,,
VouChaCha,http://www.crunchbase.com/company/vouchacha,,,,,,,,,,,,
Voucher Codes,http://www.crunchbase.com/company/voucher-codes,,,,,,,,,,,,
WOWzzy,http://www.crunchbase.com/company/wowzzy,,,,,,,,,,,,
Wabeebwa,http://www.crunchbase.com/company/wabeebwa,,,,,,,,,,,,
We-care.com,http://www.crunchbase.com/company/we-care-com-2,,,,,,,,,,,,
WeFeast.com,http://www.crunchbase.com/company/wefeast-com,,,,,,,,,,,,
Web Kolkata Deals,http://www.crunchbase.com/company/web-kolkata-deals,,,,,,,,,,,,
Wishpond,http://www.crunchbase.com/company/wishpond,,,,,,,,,,,,
Woobox,http://www.crunchbase.com/company/woobox,,,,,,,,,,,,
Worldviewer ,http://www.crunchbase.com/company/worldviewer,,,,,,,,,,,,
XYMOB,http://www.crunchbase.com/company/xymob,,,,,,,,,,,,
Xellow,http://www.crunchbase.com/company/xellow,,,,,,,,,,,,
YOOSE,http://www.crunchbase.com/company/yoose,,,,,,,,,,,,
YaSabe,http://www.crunchbase.com/company/yasabe,,,,,,,,,,,,
Yazoom,http://www.crunchbase.com/company/yazoom,,,,,,,,,,,,
YoYo Text,http://www.crunchbase.com/company/yoyo-text,,,,,,,,,,,,
YourBestDeals,http://www.crunchbase.com/company/your-best-deals,,,,,,,,,,,,
YourNight.com,http://www.crunchbase.com/company/yournight-com-llc,,,,,,,,,,,,
Yurpy,http://www.crunchbase.com/company/yurpy,,,,,,,,,,,,
Zave Networks,http://www.crunchbase.com/company/zave-networks,,,,,,,,,,,,
Zero Condooms,http://www.crunchbase.com/company/zero-condooms,,,,,,,,,,,,
bOombate,http://www.crunchbase.com/company/boombate,,,,,,,,,,,,
beeclever,http://www.crunchbase.com/company/beeclever,,,,,,,,,,,,
couponroof.com,http://www.crunchbase.com/company/couponroof-com,,,,,,,,,,,,
coupons2record.com,http://www.crunchbase.com/company/coupons2record-com,,,,,,,,,,,,
couponsdiary.com,http://www.crunchbase.com/company/couponsdiary-com,,,,,,,,,,,,
dealam.com,http://www.crunchbase.com/company/dealam-com,,,,,,,,,,,,
dealmoon.com,http://www.crunchbase.com/company/dealmoon-com,,,,,,,,,,,,
dealsfive,http://www.crunchbase.com/company/dealsfive,,,,,,,,,,,,
dealsinus,http://www.crunchbase.com/company/dealsinus,,,,,,,,,,,,
dealspl.us,http://www.crunchbase.com/company/dealspl-us,,,,,,,,,,,,
discountengine,http://www.crunchbase.com/company/discountengine,,,,,,,,,,,,
doggyloot,http://www.crunchbase.com/company/doggyloot,,,,,,,,,,,,
eAhoy.com,http://www.crunchbase.com/company/eahoy-com,,,,,,,,,,,,
eCampusCash,http://www.crunchbase.com/company/ecampuscash,,,,,,,,,,,,
elluva,http://www.crunchbase.com/company/elluva,,,,,,,,,,,,
i love coupons,http://www.crunchbase.com/company/i-love-coupons,,,,,,,,,,,,
iCouponOnline.com,http://www.crunchbase.com/company/icoupononline-com,,,,,,,,,,,,
link.me,http://www.crunchbase.com/company/link-me,,,,,,,,,,,,
lootbargain,http://www.crunchbase.com/company/lootbargain,,,,,,,,,,,,
love a coupon,http://www.crunchbase.com/company/love-a-coupon,,,,,,,,,,,,
mChek India Payment Systems,http://www.crunchbase.com/company/mchek-india-payment-systems,,,,,,,,,,,,
mloyal,http://www.crunchbase.com/company/mloyal,,,,,,,,,,,,
mobicampus,http://www.crunchbase.com/company/mobicampus,,,,,,,,,,,,
mycoupons.com,http://www.crunchbase.com/company/mycoupons-com,,,,,,,,,,,,
mydealbag,http://www.crunchbase.com/company/mydealbag,,,,,,,,,,,,
mydealbag,http://www.crunchbase.com/company/mydealbag,,,,,,,,,,,,
myhealthon,http://www.crunchbase.com/company/myhealthon,,,,,,,,,,,,
online-couponcodes,http://www.crunchbase.com/company/online-couponcodes,,,,,,,,,,,,
publiZar,http://www.crunchbase.com/company/publizar,,,,,,,,,,,,
socialpda,http://www.crunchbase.com/company/socialpda,,,,,,,,,,,,
the-lodging.com,http://www.crunchbase.com/company/the-lodging-com,,,,,,,,,,,,
tracknose,http://www.crunchbase.com/company/tracknose,,,,,,,,,,,,
txtmailer,http://www.crunchbase.com/company/txtmailer,,,,,,,,,,,,
uDealium,http://www.crunchbase.com/company/udealium,,,,,,,,,,,,
